Grand Illusion,Jean Renoir,1937,France
Seven Samurai,Akira Kurosawa,1954,Japan
The Lady Vanishes,Alfred Hitchcock,1938,United Kingdom
Amarcord,Federico Fellini,1974,Italy
The 400 Blows,François Truffaut,1959,France
Beauty and the Beast,Jean Cocteau,1946,France
A Night To Remember,Roy Ward Baker,1958,United Kingdom
The Killer,John Woo,1989,Hong Kong
Hard Boiled,John Woo,1992,Hong Kong
Walkabout,Nicolas Roeg,1971,Australia
The Seventh Seal,Ingmar Bergman,1957,Sweden
This Is Spinal Tap,Rob Reiner,1984,United States
The Silence of the Lambs,Jonathan Demme,1991,United States
Samurai I: Musashi Miyamoto,Hiroshi Inagaki,1954,Japan
Samurai II: Duel at Ichijoji Temple,Hiroshi Inagaki,1955,Japan
Samurai III: Duel at Ganryu Island,Hiroshi Inagaki,1956,Japan
"Salò, or the 120 Days of Sodom",Pier Paolo Pasolini,1975,Italy
The Naked Kiss,Samuel Fuller,1965,United States
Shock Corridor,Samuel Fuller,1963,United States
Sid & Nancy,Alex Cox,1986,United Kingdom
Dead Ringers,David Cronenberg,1988,United States
Summertime,David Lean,1955,United States
RoboCop,Paul Verhoeven,1987,United States
High and Low,Akira Kurosawa,1963,Japan
Alphaville,Jean-Luc Godard,1965,France
The Long Good Friday,John Mackenzie,1979,United Kingdom
Flesh For Frankenstein,Paul Morrissey,1973,United States
Blood For Dracula,Paul Morrissey,1974,United States
Picnic at Hanging Rock,Peter Weir,1975,Australia
M,Fritz Lang,1931,Germany
Great Expectations,David Lean,1946,United Kingdom
Oliver Twist,David Lean,1948,United Kingdom
Nanook of the North,Robert Flaherty,1922,United States
Andrei Rublev,Andrei Tarkovsky,1969,Soviet Union
Diabolique,Henri-Georges Clouzot,1954,France
The Wages of Fear,Henri-Georges Clouzot,1953,France
Time Bandits,Terry Gilliam,1981,United Kingdom
Branded to Kill,Seijun Suzuki,1967,Japan
Tokyo Drifter,Seijun Suzuki,1966,Japan
Armageddon,Michael Bay,1998,United States
Henry V,Laurence Olivier,1944,United Kingdom
Fishing With John,John Lurie,1992,United States
Lord of the Flies,Peter Brook,1963,United Kingdom
The Red Shoes,Michael Powell,1948,United Kingdom
Taste of Cherry,Abbas Kiarostami,1997,Iran
The Most Dangerous Game,Ernest B. Schoedsack,1932,United States
Insomnia,Erik Skjoldbjærg,1997,Norway
Black Orpheus,Marcel Camus,1959,Brazil
Nights of Cabiria,Federico Fellini,1957,Italy
And the Ship Sails On,Federico Fellini,1984,Italy
Brazil,Terry Gilliam,1985,United Kingdom
Yojimbo,Akira Kurosawa,1961,Japan
Sanjuro,Akira Kurosawa,1962,Japan
For All Mankind,Al Reinert,1989,United States
The Unbearable Lightness of Being,Phillip Kaufman,1988,United States
The 39 Steps,Alfred Hitchcock,1935,United Kingdom
Charade,Stanley Donen,1963,United States
Peeping Tom,Michael Powell,1960,United Kingdom
The Night Porter,Liliana Cavani,1974,Italy
Autumn Sonata,Ingmar Bergman,1978,Sweden
Monty Python's Life of Brian,Terry Jones,1979,United Kingdom
The Passion of Joan of Arc,Carl Th. Dreyer,1928,France
Carnival of Souls,Herk Harvey,1962,United States
The Third Man,Carol Reed,1949,United Kingdom
Rushmore,Wes Anderson,1998,United States
The Orphic Trilogy,Jean Cocteau,,France
The Blood of a Poet,Jean Cocteau,1930,France
Orpheus,Jean Cocteau,1949,France
Testament of Orpheus,Jean Cocteau,1959,France
The Last Temptation of Christ,Martin Scorsese,1988,United States
The Magic Flute,Ingmar Bergman,1975,Sweden
Le million,René Clair,1931,France
Cléo from 5 to 7,Agnès Varda,1962,France
Vagabond,Agnès Varda,1985,France
Chasing Amy,Kevin Smith,1997,United States
Brief Encounter,David Lean,1945,United Kingdom
And God Created Woman,Roger Vadim,1956,France
The Bank Dick,Edward Cline,1950,United States
W.C. Fields: Six Short Films,"Monte Brice, Clyde Bruckman, Edwin Middleton, Leslie Pearce and Arthur Ripley",1933,United States
The Element of Crime,Lars von Trier,1933,Denmark
Variety Lights,Federico Fellini,1984,Italy
Hamlet,Laurence Olivier,1950,United Kingdom
The Harder They Come,Perry Henzell,1948,United States
Good Morning,Yasujiro Ozu,1973,Japan
Pygmalion,Anthony Asquith,1959,United Kingdom
Eisenstein: The Sound Years,Sergei Eisenstein,1938,Soviet Union
Alexander Nevsky,Sergei Eisenstein,1938,Soviet Union
Ivan the Terrible Parts I and II,Sergei Eisenstein,1943,Soviet Union
Sisters,Brian De Palma,1973,United States
Kwaidan,Masaki Kobayashi,1965,Japan
The Blob,Irvin S. Yeawoth,1958,United States
Fiend Without a Face,Arthur Crabtree,1958,United States
Black Narcissus,Michael Powell,1957,United Kingdom
I Know Where I'm Going!,Michael Powell,1956,United Kingdom
All That Heaven Allows,Douglas Sirk,1966,United States
Written on the Wind,Douglas Sirk,1956,United States
Do the Right Thing,Spike Lee,1989,United States
L'avventura,Michelangelo Antonioni,1960,Italy
Gimme Shelter,David Maysles,1970,United States
Beastie Boys Video Anthology,Various,2000,United States
Cries and Whispers,Ingmar Bergman,1972,Sweden
The Discreet Charm of the Bourgeoisie,Luis Buñuel,1972,France
The Lady Eve,Preston Sturges,1941,United States
Double Suicide,Masahiro Shinoda,1969,Japan
Spartacus,Stanley Kubrick,1960,United States
Coup de torchon,Bertrand Tavernier,1981,France
Mona Lisa,Neil Jordan,1986,United Kingdom
The Rock,Michael Bay,1996,United States
The Scarlet Empress,Josef von Sternberg,1934,United States
Monsieur Hulot's Holiday,Jacques Tati,1953,France
Mon oncle,Jacques Tati,1958,France
PlayTime,Jacques Tati,1967,France
Big Deal on Madonna Street,Mario Monicelli,1958,Italy
My Man Godfrey,Gregory La Cava,1936,United States
Rififi,Jules Dassin,1955,France
The Hidden Fortress,Akira Kurosawa,1958,Japan
Diary of a Chambermaid,Luis Buñuel,1964,France
Sullivan's Travels,Preston Sturges,1942,United States
Withnail and I,Bruce Robinson,1986,United Kingdom
How to Get Ahead in Advertising,Bruce Robinson,1988,United Kingdom
Billy Liar,John Schlesinger,1963,United Kingdom
Salesman,Albert Maysles,1968,United States
Grey Gardens,Albert Maysles,1976,United States
Carl Theodor Dreyer Box Set,Carl Th. Dreyer,,Denmark
Day of Wrath,Carl Th. Dreyer,1943,Denmark
Ordet,Carl Th. Dreyer,1955,Denmark
Gertrud,Carl Th. Dreyer,1964,Denmark
Carl Th. Dreyer: My Metier,Carl Th. Dreyer,1995,Denmark
Le trou,Jacques Becker,1960,France
The Shop on Main Street,Ján Kadár,1965,Czechoslovakia
Closely Watched Trains,Jirí Menzel,1966,Czechoslovakia
The Ruling Class,Peter Medak,1972,United Kingdom
The Vanishing,George Sluizer,1988,Netherlands
Häxan,Benjamin Christensen,1922,Denmark
Rebecca,Alfred Hitchcock,1940,United States
Spellbound,Alfred Hitchcock,1945,United States
Notorious,Alfred Hitchcock,1946,United States
Rashomon,Akira Kurosawa,1950,Japan
Wild Strawberries,Ingmar Bergman,1957,Sweden
8 1/2,Federico Fellini,1963,Italy
Children of Paradise,Marcel Carné,1945,France
The Last Wave,Peter Weir,1977,Australia
That Obscure Object of Desire,Luis Buñuel,1977,France
Loves of a Blonde,Milos Forman,1965,Czechoslovakia
The Firemen's Ball,Milos Forman,1967,Czechoslovakia
The Cranes Are Flying,Mikhail Kalatozov,1957,Soviet Union
In the Mood for Love,Wong Kar-Wai,2000,Hong Kong
Ballad of a Soldier,Grigori Chukhrai,1959,Soviet Union
Juliet of the Spirits,Federico Fellini,1965,Italy
Bob Le Flambeur,Jean-Pierre Melville,1956,France
Traffic,Steven Soderbergh,2000,United States
George Washington,David Gordon Green,2000,United States
General Idi Amin Dada,Barbet Schroeder,1974,France
The Horse's Mouth,Ronald Neame,1948,United States
Tokyo Olympiad,Kon Ichikawa,1965,Japan
Hearts and Minds,Peter Davis,1974,United States
The Royal Tenenbaums,Wes Anderson,2001,United States
The Importance of Being Earnest,Anthony Asquith,1952,United Kingdom
Red Beard,Akira Kurosawa,1965,Japan
À nous la liberté,René Clair,1931,France
Under the Roof of Paris,René Clair,1930,France
Ratcatcher,Lynne Ramsay,1999,United Kingdom
Hopscotch,Ronald Neame,1980,United States
Solaris,Andrei Tarkovsky,1972,Soviet Union
Man Bites Dog,Rémy Belvaux,1992,France
Down By Law,Jim Jarmusch,1986,United States
The Complete Monterey Pop Festival,D.A. Pennebaker,,United States
Monterey Pop,D.A. Pennebaker,1967,United States
Jimi Plays Monterey & Shake! Otis At Monterey,D.A. Pennebaker,1986,United States
Trouble in Paradise,Ernst Lubitsch,1932,United States
Contempt,Jean-Luc Godard,1963,France
Pépé le Moko,Julien Duvivier,1937,France
The Life and Death of Colonel Blimp,Michael Powell,1943,United Kingdom
Band of Outsiders,Jean-Luc Godard,1964,France
Fear and Loathing in Las Vegas,Terry Gilliam,1998,United States
The Killers,Robert Siodmak/Don Siegel,,United States
The Lost Honor of Katharina Blum,Volker Schlöndorff,1975,Germany
My Life as a Dog,Lasse Hallström,1985,Sweden
I Am Curious… Box Set,Vilgot Sjöman,,Sweden
I Am Curious Yellow,Vilgot Sjöman,1967,Sweden
I Am Curious Blue,Vilgot Sjöman,1967,Sweden
Straw Dogs,Sam Peckinpah,1971,United States
Les dames du Bois de Boulogne,Robert Bresson,1945,France
By Brakhage: An Anthology Volume One,Stan Brakhage,2003,United States
The Adventures of Antoine Doinel,François Truffaut,,France
Stolen Kisses,François Truffaut,1968,France
Bed and Board,François Truffaut,1970,France
Love on the Run,François Truffaut,1979,France
The White Sheik,Federico Fellini,1952,Italy
Throne of Blood,Akira Kurosawa,1957,Japan
Jubilee,Derek Jarman,1978,United Kingdom
Coup de grâce,Volker Schlöndorff,1976,Germany
Quai des Orfevres,Henri-Georges Clouzot,1947,France
Il Posto,Ermanno Olmi,1961,Italy
I Fidanzati,Ermanno Olmi,1962,Italy
Hiroshima Mon Amour,Alain Resnais,1959,France
Night and Fog,Alain Resnais,1955,France
Ali: Fear Eats the Soul,Rainer Werner Fassbinder,1974,Germany
Schizopolis,Steven Soderbergh,1996,United States
The Honeymoon Killers,Leonard Kastle,1970,United States
Umberto D.,Vittorio De Sica,1952,Italy
Indiscretion of an American Wife,Vittorio De Sica,1953,Italy
The BRD Trilogy,Rainer Werner Fassbinder,,Germany
The Marriage of Maria Braun,Rainer Werner Fassbinder,1978,Germany
Veronika Voss,Rainer Werner Fassbinder,1982,Germany
Lola,Rainer Werner Fassbinder,1982,Germany
The Pornographers,Shohei Imamura,1966,Japan
A Film Trilogy by Ingmar Bergman,Ingmar Bergman,,Sweden
Through a Glass Darkly,Ingmar Bergman,1961,Sweden
Winter Light,Ingmar Bergman,1963,Sweden
The Silence,Ingmar Bergman,1963,Sweden
Ingmar Bergman Makes a Movie,Vilgot Sjöman,1962,Sweden
Richard III,Laurence Olivier,1955,United Kingdom
The Devil and Daniel Webster,William Dieterle,1941,United States
Knife In the Water,Roman Polanski,1962,Poland
The Rules of the Game,Jean Renoir,1939,France
Tokyo Story,Yasujiro Ozu,1953,Japan
Le Cercle Rouge,Jean-Pierre Melville,1970,France
La Strada,Federico Fellini,1954,Italy
Naked Lunch,David Cronenberg,1991,Canada
Ikiru,Akira Kurosawa,1952,Japan
Diary of a Country Priest,Robert Bresson,1951,France
Maîtresse,Barbet Schroeder,1973,France
Pickup on the South Street,Samuel Fuller,1953,United States
Tunes of Glory,Ronald Neame,1960,United Kingdom
Onibaba,Kaneto Shindo,1964,Japan
Le Corbeau,Henri-Georges Clouzot,1943,France
Salvatore Giuliano,Francesco Rosi,1961,Italy
Scenes from a Marriage,Ingmar Bergman,1973,Sweden
3 Women,Robert Altman,1977,United States
The Testament of Dr. Mabuse,Fritz Lang,1933,Germany
A Story of Floating Weeds/Floating Weeds,Yasujiro Ozu,,Japan
Stray Dog,Akira Kurosawa,1949,Japan
The Tin Drum,Volker Schlöndorff,1979,Germany
The Leopard,Luchino Visconti,1963,italy
Mamma Roma,Pier Paolo Pasolini,1962,Italy
Smiles of a Summer night,Ingmar Bergman,1955,Italy
A Woman is a Woman,Jean-Luc Godard,1961,France
The Lower Depths,Akira Kurosawa/Jean Renoir,,
Early Summer,Yasujiro Ozu,1951,Japan
Stage and Spectacle: Three Films by Jean Renoir,Jean Renoir,,France
The Golden Coach,Jean Renoir,1953,France
French Cancan,Jean Renoir,1955,France
Elena and her Men,Jean Renoir,1956,France
Port of Shadows,Marcel Carné,1938,France
I Vitelloni,Federico Fellini,1953,Italy
Slacker,Richard Linklater,1991,United States
Videodrome,David Cronenberg,1983,Canada
The Battle of Algiers,Gillo Pontecorvo,1966,Algeria
John Cassavetes: Five Films,John Cassavetes,,United States
Shadows,John Cassavetes,1959,United States
Faces,John Cassavetes,1968,United States
A Woman Under the Influence,John Cassavetes,1974,United States
The Killing of a Chinese Bookie,John Cassavetes,1976,United States
Opening Night,John Cassavetes,1976,United States
A Constant Forge,Charles Kiselyak,2000,United States
Secret Honor,Robert Altman,1984,United States
Tanner '88,Robert Altman,1988,United States
Fat Girl,Catherine Breillat,2001,France
Eyes Without a Face,Georges Franju,1960,France
Fanny And Alexander Box Set,Ingmar Bergman,1982,Sweden
Fanny and Alexander - The Television Version,Ingmar Bergman,1982,Sweden
Fanny and Alexander - The Theatrical Version,Ingmar Bergman,1982,Sweden
Making of Fanny and Alexander,Ingmar Bergman,1982,Sweden
Short Cuts,Robert Altman,1993,United States
The King of Kings,Cecil B. DeMille,1927,United States
Kagemusha,Akira Kurosawa,1980,Japan
Youth of the Beast,Seijun Suzuki,1963,Japan
Fighting Elegy,Seijun Suzuki,1966,Japan
Casque D'Or,Jacques Becker,1962,France
Touchez Pas Au Grisbi,Jacques Becker,1954,France
La Commare Secca,Bernardo Bertolucci,1962,Italy
Thieves' Highway,Jules Dassin,1949,United States
Night and the City,Jules Dassin,1950,United States
Tout Va Bien,Jean-Luc Godard,1972,France
The River,Jean Renoir,1951,France
My Own Private Idaho,Gus Van Sant,1991,United States
L'Eclisse,Michelangelo Antonioni,1962,Italy
Young Törless,Volker Schlöndorff,1966,Germany
The Sword of Doom,Kihachi Okamoto,1966,Japan
Jules and Jim,François Truffaut,1962,France
Andrzej Wajda: Three War Films,Andrzej Wajda,,Poland
A Generation,Andrzej Wajda,1955,Poland
Kanal,Andrzej Wajda,1957,Poland
Ashes and Diamonds,Andrzej Wajda,1958,Poland
Divorce Italian Style,Pietro Germi,1961,Italy
Burden of Dreams,Les Blank,1982,United States
F For Fake,Orson Welles,1975,United States
Hoop Dreams,Steve James,1994,United States
The Phantom of Liberty,Luis Buñuel,1974,France
Heaven Can Wait,Ernst Lubitsch,1943,United States
Unfaithfully Yours,Preston Sturges,1948,United States
The Flowers of St. Francis,Roberto Rossellini,1950,Italy
The Browning Version,Anthony Asquith,1951,United Kingdom
Crazed Fruit,Kô Nakahira,1956,Japan
Le Notti Bianche,Luchino Visconti,1947,Italy
Au Hasard Balthazar,Robert Bresson,1966,France
Gate of Flesh,Seijun Suzuki,1964,Japan
Story of a Prostitute,Seijun Suzuki,1965,Japan
The Life Aquatic with Steve Zissou,Wes Anderson,2004,United States
An Angel At My Table,Jane Campion,1990,New Zealand
Harakiri,Masaki Kobayashi,1962,Japan
Bad Timing,Nicolas Roeg,1980,United States
The Man Who Fell To Earth,Nicolas Roeg,1976,United States
Boudu Saved From Drowning,Jean Renoir,1932,France
Le Samouraï,Jean-Pierre Melville,1967,France
Naked,Mike Leigh,1993,United Kingdom
Masculin féminin,Jean-Luc Godard,1966,France
Ugetsu,Kenji Mizoguchi,1953,Japan
Samurai Rebelllion,Masaki Kobayashi,1967,Japan
Sword of the Beast,Hideo Gosha,1965,Japan
Samurai Spy,Masahiro Shinoda,1965,Japan
Kill!,Kihachi Okamoto,1968,Japan
Pickpocket,Robert Bresson,1959,France
Shoot the Piano Player,François Truffaut,1960,France
Ran,Akira Kurosawa,1985,Japan
The Tales of Hoffman,Michael Powell,1951,United Kingdom
Forbidden Games,René Clément,1952,France
The Bad Sleep Well,Akira Kurosawa,1960,Japan
Young Mr. Lincoln,John Ford,1939,United States
The Virgin Spring,Ingmar Bergman,1960,Sweden
The Complete Mr. Arkadin,Orson Welles,1955,United States
The Children Are Watching Us,Vittorio De Sica,1944,Italy
La Bête humaine,Jean Renoir,1938,France
Kind Hearts and Coronets,Robert Hamer,1949,United Kingdom
Metropolitan,Whit Stillman,1990,United States
3 Films By Louis Malle,Louis Malle,,France
Murmur of the Heart,Louis Malle,1972,France
"Lacombe, Lucien",Louis Malle,1974,France
Au Revoir Les Enfants,Louis Malle,1987,France
Late Spring,Yasujiro Ozu,1949,Japan
Viridiana,Luis Buñuel,1961,Spain
Fists in the Pocket,Marco Bellocchio,1965,Italy
Harlan County USA,Barbara Kopple,1976,United States
Elevator to the Gallows,Louis Malle,1957,France
Dazed and Confused,Richard Linklater,1993,United States
À Nos Amours,Maurice Pialat,1983,France
Equinox,Jack Woods,1970,United States
Yi Yi,Edward Yang,2000,Taiwan
Koko: A Talking Gorilla,Barbet Schroeder,1978,France
A Canterbury Tale,Michael Powell,1944,United Kingdom
Six Moral Tales,Eric Rohmer,,France
The Bakery Girl of Monceau,Eric Rohmer,1963,France
Suzanne's Career,Eric Rohmer,1963,France
My Night at Maud's,Eric Rohmer,1969,France
La Collectionneuse,Eric Rohmer,1967,France
Claire's Knee,Eric Rohmer,1970,France
Love in the Afternoon,Eric Rohmer,1972,France
Kickin and Screaming,Noah Baumbach,1995,United States
Seduced and Abandoned,Pietro Germi,1964,Italy
The Sprit of the Beehive,Victor Erice,1973,Spain
Jigoku,Nobuo Nakagawa,1960,Japan
Sólo con tu pareja,Alfonso Cuarón,1991,Mexico
"Clean, Shaven",Lodge Kerrigan,1994,United States
Hands Over the City,Francesco Rosi,1963,Italy
Sweetie,Jane Campion,1989,New Zealand
The Fallen Idol,Carol Reed,1948,United Kingdom
Pandora's Box,George Wilhelm Pabst,1928,Germany
The Double Life of Veronique,Krzysztof Kieślowski,1991,France
Symbiopsychotaxiplasm,William Greaves,1968,United States
The Beales of Grey Gardens,Albert Maysles,2006,United States
Border Radio,Allison Anders,1987,United States
Mouchette,Robert Bresson,1967,France
Monsters and Madmen,,,United States
First Man Into Space,Robert Day,1959,United States
The Atomic Submarine,Spencer G. Bennet,1959,United States
The Haunted Strangler,Robert Day,1959,United States
Corridors of Blood,Robert Day,1959,United States
Paul Robeson: Portraits of the Artist,Paul Robeson,,
The Emperor Jones,Dudley Murphy,1933,United States
Body and Soul,Oscar Micheaux,1925,United States
Sanders of the River,Zoltan Korda,1935,United Kingdom
The Proud Valley,Pen Tennyson,1940,United Kingdom
Bicycle Thieves,Vittorio De Sica,1948,Italy
Green For Danger,Sidney Gilliat,1946,United Kingdom
49th Parallel,Michael Powell,1941,United Kingdom
When a Woman Ascends the Stairs,Mikio Naruse,1960,Japan
Fires on the Plain,Kon Ichikawa,1959,Japan
The Burmese Harp,Kon Ichikawa,1956,Japan
The Naked City,Jules Dassin,1948,United States
La Haine,Mathieu Kassovitz,1995,France
Overlord,Stuart Cooper,1974,United Kingdom
Brute Force,Jules Dassin,1947,United States
Vengeance is Mine,Shohei Imamura,1979,Japan
Army of Shadows,Jean-Pierre Melville,1969,France
Sansho the Bailiff,Kenji Mizoguchi,1954,Japan
La Jetée/Sans Soleil,Chris Marker,,France
The Two of Us,Claude Berri,1967,France
WR: Mysteries of the Organism,Dušan Makavejev,1971,Yugoslavia
Sweet Movie,Dušan Makavejev,1974,France
If…,Lindsay Anderson,1968,United Kingdom
Three Films By Hiroshi Teshigahara,Hiroshi Teshigahara,,Japan
Pitfall,Hiroshi Teshigahara,1962,Japan
Woman in the Dunes,Hiroshi Teshigahara,1964,Japan
The Face of Another,Hiroshi Teshigahara,1966,Japan
Ace In the Hole,Billy Wilder,1951,United States
Ivan's Childhood,Andrei Tarkovsky,1962,Soviet Union
Les Enfants Terribles,Jean-Pierre Melville,1950,France
House of Games,David Mamet,1987,United States
Stranger Than Paradise,Jim Jarmusch,1984,United States
Night On Earth,Jim Jarmusch,1991,United States
The Milky Way,Luis Buñuel,1969,France
Cría cuervos . . .,Carlos Suara,1976,Spain
Robinson Crusoe On Mars,Byron Haskin,1964,United States
The Threepenny Opera,George Wilhelm Pabst,1931,Germany
Martha Graham: Dance On Film,Nathan Kroll,1959,United States
Mala Noche,Gus Van Sant,1985,United States
Breathless,Jean-Luc Godard,1960,France
Days of Heaven,Terrence Malick,1978,United States
Under the Volcano,John Huston,1984,United States
Berlin Alexanderplatz,Rainer Werner Fassbinder,1980,Germany
Sawdust and Tinsel,Ingmar Bergman,1953,Sweden
Drunken Angel,Akira Kurosawa,1948,Japan
Two-Lane Blacktop,Monte Hellman,1971,United States
The Naked Prey,Cornel Wilde,1966,United States
Miss Julie,Alf Sjöberg,1951,Sweden
This Sporting Life,Lindsay Anderson,1963,United Kingdom
4 By Agnès Varda,Agnès Varda,,France
La Pointe Courte,Agnès Varda,1956,France
Le Bonheur,Agnès Varda,1965,France
Pierrot Le Fou,Jean-Luc Godard,1965,France
The Last Emperor,Bernardo Bertolucci,1987,China
Walker,Alex Cox,1987,United States
Mafioso,Alberto Lattuada,1962,Italy
Antonio Gaudi,Hiroshi Teshigahara,1984,Japan
The Ice Storm,Ang Lee,1997,United States
Death of a Cyclist,Juan Antonio Bardem,1955,Spain
Blast of Silence,Allen Baron,1961,United States
The Lovers,Louis Malle,1958,France
The Fire Within,Louis Malle,1963,France
The Thief of Bagdad,Ludwig Berger,1940,United Kingdom
Mishima: A Life in Four Chapters,Paul Scharder,1985,United States
Patriotism,Yukio Mishima,1966,Japan
Classe Tous Risques,Claude Sautet,1960,France
The Furies,Anthony Mann,1950,United States
Before the Rain,Milcho Manchevski,1994,Macedonia
Vampyr,Carl Th. Dreyer,1932,Denmark
Mon Oncle Antoine,Claude Jutra,1971,Canada
Trafic,Jacques Tati,1971,France
Brand Upon the Brain!,Guy Maddin,2006,United States
The Small Back Room,Michael Powell,1949,United Kingdom
Twenty-Four Eyes,Keisuke Kinoshita,1954,Japan
La Ronde,Max Ophuls,1950,France
Le Plaisir,Max Ophuls,1952,France
The Earrings of Madame De…,Max Ophuls,1953,France
An Autumn Afternoon,Yasujiro Ozu,1962,Japan
Le Doulos,Jean-Pierre Melville,1962,France
Le deuxième souffle,Jean-Pierre Melville,1966,France
Missing,Costa-Gavras,1982,United States
Bottle Rocket,Wes Anderson,1996,United States
Fanfan La Tulipe,Christian-Jaque,1965,France
The Spy Who Came In From the Cold,Martin Ritt,1994,United States
Chungking Express,Wong Kar-Wai,1991,Hong Kong
Europa,Lars von Trier,1982,Denmark
White Dog,Samuel Fuller,1966,United States
The Taking of Power by Louis XIV,Roberto Rossellini,1954,Italy
Magnificent Obsession,Douglas Sirk,1983,United States
El Norte,Gregory Nava,1983,United States
The Exterminating Angel,Luis Buñuel,1962,Mexico
Simon of the Desert,Luis Buñuel,1965,Mexico
Hobson's Choice,David Lean,1954,United Kingdom
The Last Metro,François Truffaut,1980,France
Il Generale Della Rovere,Roberto Rossellini,1959,Italy
Danton,Andrzej Wajda,1983,France
Dodes'Ka-Den,Akira Kurosawa,1970,Japan
In the Realm of the Senses,Nagisa Oshima,1976,Japan
Empire of Passion,Nagisa Oshima,1978,Japan
Science Is Fiction: 23 Films by Jean Painlevé,Jean Painlevé,,France
The Hit,Stephen Frears,1984,United Kingdom
Wise Blood,John Huston,1979,United States
"Pigs, Pimps & Prostitutes: 3 Films by Shohei Imamura",Shohei Imamura,,Japan
Pigs and Battleships,Shohei Imamura,1962,Japan
The Insect Woman,Shohei Imamura,1963,Japan
Intentions of Murder,Shohei Imamura,1964,Japan
The Friends of Eddie Coyle,Peter Yates,1973,United States
The Curious Case of Benajamin Button,David Fincher,2008,United States
Bergman Island,Marie Nyreröd,2006,Sweden
Last Year At Marienbad,Alain Resnais,1961,France
My Dinner with André,Louis Malle,1981,United States
The Human Condition,Masaki Kobayashi,1959,Japan
Made in U.S.A.,Jean-Luc Godard,1966,France
2 or 3 Things I Know About Her,Jean-Luc Godard,1967,France
Repulsion,Roman Polanski,1965,United Kingdom
"Jeanne Dielman, 23, Quai Du Commerce, 1080 Bruxelles",Chantal Akerman,1975,Belgium
The Last Days of Disco,Whit Stillman,1998,United States
Homicide,David Mamet,1991,United States
That Hamilton Woman,Alexander Korda,1941,United Kingdom
Howards End,James Ivory,1992,United Kingdom
Monsoon Wedding,Mira Nair,2001,India
Wings of Desire,Wim Wenders,1987,Germany
Z,Costa-Gavras,1969,France
A Christmas Tale,Arnaud Desplechin,2008,France
Gomorrah,Matteo Garrone,2008,Italy
Downhill Racer,Michael Ritchie,1969,United States
The Golden Age of Television,,,United States
Che,Steven Soderbergh,2008,United States
Rome Open City,Roberto Rossellini,1945,Italy
Paisan,Roberto Rossellini,1946,Italy
Germany Year Zero,Roberto Rossellini,1948,Germany
Roberto Rossellini's War Trilogy,Roberto Rossellini,,
"Paris, Texas",Wim Wenders,1984,Germany
Revanche,Götz Spielmann,2008,Germany
Lola Montès,Max Ophuls,1955,Germany
Hunger,Steve McQueen,2008,United States
Make Way for Tomorrow,Leo Mccarey,1937,United Kingdom
Dillinger is Dead,Marco Ferreri,1969,Italy
Bigger Than Life,Nicholas Ray,1956,United States
Letters from Fontainhas: Three Films by Pedro Costa,Pedro Costa,,Portugal
Ossos,Pedro Costa,1997,Portugal
In Vanda's room,Pedro Costa,2000,Portugal
Colossal Youth,Pedro Costa,2006,Portugal
Vivre Sa Vie,Jean-Luc Godard,1962,France
Summer Hours,Olivier Assayas,2008,France
Ride with the Devil,Ang Lee,1999,United States
The Fugitive Kind,Sidney Lumet,1959,United States
Stagecoach,John Ford,1939,United States
By Brakhage: An Anthology Volume Two,Stan Brakhage,,United States
By Brakhage: An Anthology Volumes One and Two,Stan Brakhage,,United States
Close-Up,Abbas Kiarostami,1990,Iran
Everlasting Moments,Jan Troell,2008,Sweden
Mystery Train,Jim Jarmusch,1989,United States
Red Desert,Michelangelo Antonioni,1964,Italy
Night Train to Munich,Carol Reed,1940,United Kingdom
The Only Son/There Was a Father,Yasujiro Ozu,,Japan
The Only Son,Yasujiro Ozu,1936,Japan
There Was a Father,Yasujiro Ozu,1942,Japan
The Secret of the Grain,Abdellatif Kechiche,2005,France
3 Silent Classics by Josef Von Sternberg,Josef Von Sternberg,,United States
Underworld,Josef Von Sternberg,1927,United States
The Last Command,Josef Von Sternberg,1928,United States
The Docks of New York,Josef Von Sternberg,1928,United States
Louie Bluie,Terry Zwigoff,1985,United States
Crumb,Terry Zwigoff,1995,United States
L'Enfance Nue,Maurice Pialat,1968,France
Merry Christmas Mr. Lawrence,Nagisa Oshima,1983,Japan
The Thin Red Line,Terrence Malick,1998,United States
The Magician,Ingmar Bergman,1958,Sweden
Paths of Glory,Stanley Kubrick,1957,United States
House,Nobuhiko Obayashi,1977,Japan
The Darjeeling Limited,Wes Anderson,2007,United States
The Night of the Hunter,Charles Laughton,1955,United States
Antichrist,Lars von Trier,2009,Denmark
Modern Times,Charles Chaplin,1936,United States
America Lost and Found: The BBS Story,,,United States
Head,Bob Rafelson,1968,United States
Easy Rider,Dennis Hopper,1969,United States
Five Easy Pieces,Bob Rafelson,1970,United States
"Drive, He Said",Jack Nicholson,1971,United States
A Safe Place,Henry Jaglom,1971,United States
The Last Picture Show,Peter Bogdanovich,1971,United States
The King of Marvin Gardens,Bob Rafelson,1972,United States
Cronos,Guillermo Del Toro,1993,Mexico
Broadcast News,James L. Brooks,1987,United States
Fish Tank,Andrea Arnold,2009,United Kingdom
Still Walking,Hirokazu Kore-eda,2008,Japan
Sweet Smell of Success,Alexander Mackendrick,1957,United States
Senso,Luchino Visconti,1954,Italy
The Times of Harvey Milk,Robert Epstein,1984,United States
Topsy-Turvy,Mike Leigh,1999,United States
The Mikado,Victor Schertzinger,1939,United States
White Material,Claire Denis,2009,France
Kes,Ken Loach,1970,United Kingdom
Blow Out,Brian De Palma,1981,United States
Something Wild,Jonathan Demme,1986,United States
Pale Flower,Masahiro Shinoda,1964,Japan
The Great Dictator,Charles Chaplin,1940,United States
Insignifcance,Nicolas Roeg,1955,United Kingdom
The Makioka Sisters,Kon Ichikawa,1983,Japan
Kiss Me Deadly,Robert Aldrich,1955,United States
People On Sunday,Robert Siodmak and Edgar G. Ulmer,1930,Germany
Zazie Dans Le Metro,Louis Malle,1960,France
Black Moon,Louis Malle,1975,France
"Leon Morin, Priest",Jean-Pierre Melville,1961,France
The Music Room,Satyajit Ray,1958,India
Life During Wartime,Todd Solondz,2010,United States
The Killing,Stanley Kubrick,1956,United States
Secret Sunshine,Lee Chang-dong,2007,Korea
Cul-De-Sac,Roman Polanski,1966,United Kingdom
The Complete Jean Vigo,Jean Vigo,,France
The Phantom Carriage,Victor Sjostrom,1920,Sweden
Le Beau Serge,Claude Chabrol,1958,France
Les Cousins,Claude Chabrol,1959,France
Carlos,Olivier Assayas,2010,France
The Four Feathers,Zoltan Korda,1939,United Kingdom
Kuroneko,Kaneto Shindo,1968,Japan
Identification of a Woman,Michelangelo Antonioni,1982,Italy
Island of Lost Souls,Erie C. Kenton,1932,United States
Three Colors Trilogy,Krzysztof Kieślowski,,France
Three Colors: Blue,Krzysztof Kieślowski,1993,France
Three Colors: White,Krzysztof Kieślowski,1993,France
Three Colors: Red,Krzysztof Kieślowski,1994,France
12 Angry Men,Sidney Lumet,1957,United States
Design for Living,Ernst Lubitsch,1933,United States
Belle de Jour,Luis Buñuel,1967,France
Godzilla,Ishiro Honda,1954,Japan
The Moment of Truth,Francesco Rosi,1964,Italy
Three Outlaw Samurai,Hideo Gosha,1964,Japan
Tiny Furniture,Lena Dunham,2010,United States
World on a Wire,Rainer Werner Fassbinder,1973,Germany
Vanya on 42nd Street,Louis Malle,1994,United States
Anatomy of a Murder,Otto Preminger,1959,United States
Letter Never Sent,Mikhail Kalatozov,1959,United States
The War Room,Chris Hegedus/D.A. Pennebaker,1993,United States
David Lean Directs Noel Coward,David Lean,,United Kingdom
In Which We Serve,David Lean,1942,United Kingdom
This Happy Breed,David Lean,1944,United Kingdom
Blithe Spirit,David Lean,1945,United Kingdom
A Hollis Frampton Odyessey,Hollis Frampton,,United States
Harold and Maude,Hal Ashby,1971,United States
¡Alambrista!,Robert M. Young,1977,United States
The Organizer,Mario Monicelli,1963,Italy
Being John Malkovich,Spike Jonze,1999,United States
Certified Copy,Abbas Kiarostami,2010,Italy
Summer Interlude,Ingmar Bergman,1951,Sweden
Summer with Monika,Ingmar Bergman,1953,Sweden
The Gold Rush,Charles Chaplin,,United States
Shallow Grave,Danny Boyle,1994,United Kingdom
And Everything is Going Fine,Steven Soderbergh,2010,United States
Gray's Anatomy,Steven Soderbergh,1997,United States
Le Havre,Aki Kaurismäki,2011,Finland
La Promesse,Luc Dardenne and Jean-Pierre Dardenne,1996,Belgium
Rosetta,Luc Dardenne and Jean-Pierre Dardenne,1999,Belgium
Weekend,Andrew Haigh,2011,United Kingdom
Lonesome,Paul Pejos,1928,United States
Quadrophenia,Franc Roddam,1979,United Kingdom
Eating Raoul,Paul Bartel,1982,United States
Les Visiteurs Du Soir,Marcel Carné,1942,France
The Game,David Fincher,1997,United States
The Forgiveness of Blood,Joshua Marson,2011,United States
Sunday Bloody Sunday,John Schlesinger,1971,United Kingdom
Rosemary's Baby,Roman Polanski,1968,United States
Trilogy of Life,Pier Paolo Pasolini,,Italy
The Decameron,Pier Paolo Pasolini,1971,Italy
The Canterbury Tales,Pier Paolo Pasolini,1972,Italy
Arabian Nights,Pier Paolo Pasolini,1974,Italy
Weekend,Jean-Luc Godard,1967,France
Heaven's Gate,Michael Cimino,1980,United States
Purple Noon,René Clément,1960,France
Following,Christopher Nolan,1999,United Kingdom
The Quatsi Trilogy,Godfrey Reggio,,United States
Koyaanisqatsi,Godfrey Reggio,1983,United States
Powaqqatsi,Godfrey Reggio,1988,United States
Naqoyquatsi,Godfrey Reggio,2002,United States
The Man Who Knew Too Much,Alfred Hitchcock,1934,United States
Pina,Wim Wenders,2011,Germany
The Ballad of Narayama,Keisuke Kinoshita,1958,Japan
The Kid with a Bike,Luc Dardenne and Jean-Pierre Dardenne,2011,Belgium
On the Waterfront,Elia Kazan,1954,United States
Chronicle of a Summer,"Jean Rouch, Edgar Morin",1961,France
Ministry of Fear,Fritz Lang,1944,United States
A Man Escaped,Robert Bresson,1956,France
Badlands,Terrence Malick,1973,United States
Monsieur Verdoux,Charles Chaplin,1947,United States
Gate of Hell,Teinosuke Kinugasa,1953,Japan
Repo Man,Alex Cox,1984,United States
Pierre Etaix,Pierre Etaix,,France
Jubal,Delmer Daves,1956,United States
3:10 to Yuma,Delmer Daves,1957,United States
Medium Cool,Haskell Wexler,1969,United States
Life is Sweet,Mike Leigh,1990,United Kingdom
Things to Come,William Cameron Menzies,1936,United Kingdom
Marketa Lazarová,František Vlácil,1967,Czechoslovakia
Safety Last!,Fred Newmeyer…,1923,United States
Shoah,Claude Lanzmann,1985,France
The Life of Oharu,Kenji Mizoguchi,1952,Japan
Babette’s Feast,Gabriel Axel,1987,Denmark
The Devil’s Backbone,Guillermo del Toro,2001,Spain
Seconds,John Frankenheimer,1966,United States
The Big City,Satyajit Ray,1963,India
Charulata,Satyajit Ray,1964,India
To Be or Not to Be,Ernst Lubitsch,1942,United States
La Cage aux Folles,Edouard Molinaro,1978,France
3 Films by Roberto Rossellini Starring Ingrid Bergman,Roberto Rossellini,,Italy
Stromboli,Roberto Rossellini,1950,Italy
Europe ’51,Roberto Rossellini,1952,Italy
Journey to Italy,Roberto Rossellini,1954,Italy
I Married a Witch,René Clair,1942,United States
The Uninvited,Lewis Allen,1944,United States
La notte,Michelangelo Antonioni,1961,Italy
Zatoichi: The Blind Swordsman,,,Japan
City Lights,Charles Chaplin,1931,United States
Frances Ha,Noah Baumbach,2013,United States
Investigation of a Citizen Above Suspicion,Elio Petri,1970,Italy
Nashville,Robert Altman,1975,United States
Martin Scorsese’s World Cinema Project,,,
Touki bouki,Djibril Diop Mambéty,1973,Senegal
Redes,Emilio Gómez Muriel…,1936,Mexico
A River Called Titas,Ritwik Ghatak,1973,Bangladesh
Dry Summer,Metin Erksan,1964,Turkey
Trances,Ahmed El Maânouni,1981,Morocco
The Housemaid,Kim Ki-young,1960,South Korea
Thief,Michael Mann,1981,United States
"It’s a Mad, Mad, Mad, Mad World",Stanley Kramer,1963,United States
La vie de bohème,Aki Kaurismäki,1992,France
The Long Day Closes,Terence Davies,1992,United Kingdom
Blue Is the Warmest Color,Abdellatif Kechiche,2013,France
Foreign Correspondent,Alfred Hitchcock,1940,United States
Tess,Roman Polanski,1979,United Kingdom
King of the Hill,Steven Soderbergh,1993,United States
A Brief History of Time,Errol Morris,1991,United States
Fantastic Mr. Fox,Wes Anderson,2009,United States
Persona,Ingmar Bergman,1966,Sweden
The Great Beauty,Paolo Sorrentino,2013,Italy
The Freshman,Sam Taylor…,1925,United States
Riot in Cell Block 11,Don Siegel,1954,United States
Breaking the Waves,Lars von Trier,1996,Denmark
Master of the House,Carl Th. Dreyer,1925,Denmark
Il sorpasso,Dino Risi,1962,Italy
Like Someone in Love,Abbas Kiarostami,2012,"France, Japan"
Red River,Howard Hawks,1948,United States
Judex,Georges Franju,1963,France
A Hard Day’s Night,Richard Lester,1964,United Kingdom
Scanners,David Cronenberg,1981,Canada
The Essential Jacques Demy,Jacques Demy,,France
Lola,Jacques Demy,1961,France
Bay of Angels,Jacques Demy,1963,France
The Umbrellas of Cherbourg,Jacques Demy,1964,France
The Young Girls of Rochefort,Jacques Demy,1967,France
Donkey Skin,Jacques Demy,1970,France
Une chambre en ville,Jacques Demy,1982,France
The Big Chill,Lawrence Kasdan,1983,United States
Love Streams,John Cassavetes,1984,United States
Tie Me Up! Tie Me Down!,Pedro Almodóvar,1990,Spain
Y tu mamá también,Alfonso Cuarón,2001,Mexico
All That Jazz,Bob Fosse,1979,United States
Eraserhead,David Lynch,1977,United States
Macbeth,Roman Polanski,1971,United Kingdom
The Innocents,Jack Clayton,1961,United States
Sundays and Cybèle,Serge Bourguignon,1962,France
The Complete Jacques Tati,Jacques Tati,,France
Jour de fête,Jacques Tati,1949,France
Parade,Jacques Tati,1974,France
My Darling Clementine,John Ford,1946,United States
La dolce vita,Federico Fellini,1960,Italy
The Shooting,Monte Hellman,1966,United States
Ride in the Whirlwind,Monte Hellman,1966,United States
It Happened One Night,Frank Capra,1934,United States
Les Blank: Always for Pleasure,Les Blank,,United States
Tootsie,Sydney Pollack,1982,United States
Safe,Todd Haynes,1995,United States
The Bitter Tears of Petra von Kant,Rainer Werner Fassbinder,1972,West Germany
My Winnipeg,Guy Maddin,2007,Canada
The Palm Beach Story,Preston Sturges,1942,United States
La Ciénaga,Lucrecia Martel,2001,Argentina
Every Man for Himself,Jean-Luc Godard,1980,France
Don't Look Now,Nicolas Roeg,1973,United Kingdom
A Day in the Country,Jean Renoir,1936,France
Fellini Satyricon,Federico Fellini,1969,Italy
Watership Down,Martin Rosen,1978,United States
The Soft Skin,François Truffaut,1964,France
Ride the Pink Horse,Robert Montgomery,1947,United States
Gates of Heaven,Errol Morris,1978,United States
"Vernon, Florida",Errol Morris,1981,United States
The Thin Blue Line,Errol Morris,1988,United States
Odd Man Out,Carol Reed,1947,United Kingdom
Le silence de la mer,Jean-Pierre Melville,1949,France
Limelight,Charles Chaplin,1952,United States
The Rose,Mark Rydell,1979,United States
The Merchant of Four Seasons,Rainer Werner Fassbinder,1971,Germany
The Confession,Costa-Gavras,1970,France
State of Siege,Costa-Gavras,1972,France
Valerie and Her Week of Wonders,Jaromil Jireš,1970,Czechoslovakia
A Master Builder,Jonathan Demme,2014,United States
The Bridge,Bernhard Wicki,1959,Germany
The Fisher King,Terry Gilliam,1991,United States
The Black Stallion,Carroll Ballard,1979,United States
Here is Your Life,Jan Troell,1966,Sweden
My Beautiful Laundrette,Stephen Frears,1985,United Kingdom
The French Lieutenant's Woman,Karel Reisz,1981,United Kingdom
Day for Night,François Truffaut,1973,France
Dressed to Kill,Brian De Palma,1980,United States
"Two Days, One Night",Luc Dardenne and Jean-Pierre Dardenne,2014,Belgium
Blind Chance,Krzysztof Kieślowski,1981,Poland
Breaker Morant,Bruce Beresford,1980,Australia
Mister Johnson,Bruce Beresford,1990,United States
A Room with a View,James Ivory,1986,United Kingdom
Moonrise Kingdom,Wes Anderson,2012,United States
The Brood,David Cronenberg,1979,Canada
A Special Day,Ettore Scola,1977,Italy
Mulholland Dr.,David Lynch,2001,United States
Code Unknown,Michael Haneke,2000,France
In Cold Blood,Richard Brooks,1967,United States
The Apu Trilogy,Satyajit Ray,,India
Pather Panchali,Satyajit Ray,1955,India
Aparajito,Satyajit Ray,1956,India
Apur Sansar,Satyajit Ray,1959,India
Dont Look Back,D. A. Pennebaker,1967,United States
Jellyfish Eyes,Takashi Murakami,2013,Japan
Speedy,Ted Wilde,1928,United States
Burroughs: The Movie ,Howard Brookner,1983,United States
Lady Snowblood,Toshiya Fujita,1973,Japan
Lady Snowblood: Love Song of Vengeance,Toshiya Fujita,1974,Japan
Bitter Rice,Giuseppe De Santis,1949,Italy
The American Friend,Wim Wenders,1977,Germany
Inside Llewyn Davis,Joel Coen and Ethan Coen,2013,United States
Gilda,Charles Vidor,1946,United States
The Emigrants,Jan Troell,1971,Sweden
The New Land,Jan Troell,1972,Sweden
Death by Hanging,Nagisa Oshima,1968,Japan
The Kid,Charlie Chaplin,1921,United States
The Graduate,Mike Nichols,1967,United States
I Knew Her Well,Antonio Pietrangeli,1965,Italy
Paris Belongs to Us,Jacques Rivette,1961,France
The Manchurian Candidate,John Frankenheimer,1962,United States
A Brighter Summer Day,Edward Yang,1991,Taiwan
A Poem Is a Naked Person,Les Blank,1974,United States
Only Angels Have Wings,Howard Hawks,1939,United States
Barcelona,Whit Stillman,1994,United States
The Kennedy Films of Robert Drew & Associates,Robert Drew,,United States
Phoenix,Christian Petzold,2014,Germany
In a Lonely Place,Nicholas Ray,1950,United States
The Naked Island,Kaneto Shindo,1960,Japan
The Player,Robert Altman,1992,United States
Wim Wenders: The Road Trilogy,Wim Wenders,,Germany
Alice in the Cities,Wim Wenders,1974,Germany
Wrong Move,Wim Wenders,1975,Germany
Kings of the Road,Wim Wenders,1976,Germany
Le amiche,Michelangelo Antonioni,1955,Italy
La chienne,Jean Renoir,1931,France
Here Comes Mr. Jordan,Alexander Hall,1941,United States
Fantastic Planet,René Laloux,1973,France
"Dr. Strangelove, or: How I Learned to Stop Worrying and Love the Bomb",Stanley Kubrick,1964,United States
Clouds of Sils Maria,Olivier Assayas,2014,"
France, Germany, Switzerland"
The In-Laws,Arthur Hiller,1979,United States
"Muriel, or The Time of Return",Alain Resnais,1963,France
A Touch of Zen,King Hu,1971,Taiwan
The New World,Terrence Malick,2005,United States
McCabe & Mrs. Miller,Robert Altman,1971,United States
Ingrid Bergman: In Her Own Words,Stig Björkman,2015,Sweden
A Taste of Honey,Tony Richardson,1961,United Kingdom
Chimes at Midnight,Orson Welles,1966,Spain
The Immortal Story,Orson Welles,1968,France
The Story of the Last Chrysanthemum,Kenji Mizoguchi,1939,Japan
Cat People,Jacques Tourneur,1942,United States
Blood Simple,Joel Coen,1984,United States
Valley of the Dolls,Mark Robson,1967,United States
Beyond the Valley of the Dolls,Russ Meyer,1970,United States
Dekalog,Krzysztof Kieślowski,1988,Poland
Pan's Labyrinth,Guillermo del Toro,2006,Spain
Boyhood,Richard Linklater,2014,United States
The Executioner,Luis García Berlanga,1963,Spain
Lone Wolf and Cub,,,Japan
Akira Kurosawa's Dreams,Akira Kurosawa,1990,Japan
Punch-Drunk Love,Paul Thomas Anderson,2002,United States
One-Eyed Jacks,Marlon Brando,1961,United States
The Squid and the Whale,Noah Baumbach,2005,United States
Heart of a Dog,Laurie Anderson,2015,United States
The Asphalt Jungle,John Huston,1950,United States
Roma,Federico Fellini,1972,Italy
His Girl Friday,Howard Hawks,1940,United States
Something Wild,Jack Garfein,1961,United States
Fox and His Friends,Rainer Werner Fassbinder,1975,Germany
Black Girl,Ousmane Sembène,1966,Senegal
Cameraperson,Kirsten Johnson,2016,United States
The Tree of Wooden Clogs,Ermanno Olmi,1978,Italy
Women on the Verge of a Nervous Breakdown,Pedro Almodóvar,1988,Spain
The Before Trilogy,Richard Linklater,,United States
Before Sunrise,Richard Linklater,1995,United States
Before Sunset,Richard Linklater,2004,United States
Before Midnight,Richard Linklater,2013,United States
Mildred Pierce,Michael Curtiz,1945,United States
